"user_id","username","password","email","face_recognition_image_path","created_at","updated_at","face_recognition_npy_path"
1,"williamsoncatherine","CYo0hxoQ","qperez@example.org",NULL,"2024-02-20 11:32:49.188182+08","2024-02-20 11:32:49.188182+08",NULL
2,"rhodesglenn","zIro73CX","xrhodes@example.org",NULL,"2024-02-20 11:32:49.188182+08","2024-02-20 11:32:49.188182+08",NULL
3,"thomasstuart","QnViYdMW","natashariley@example.com",NULL,"2024-02-20 11:32:49.188182+08","2024-02-20 11:32:49.188182+08",NULL
4,"jacquelinehart","4KnYgLa6","deborah36@example.org",NULL,"2024-02-20 11:32:49.188182+08","2024-02-20 11:32:49.188182+08",NULL
5,"rcarpenter","c70VzwpQ","hendersoncarrie@example.org",NULL,"2024-02-20 11:32:49.188182+08","2024-02-20 11:32:49.188182+08",NULL
6,"pcarson","JihKNeS7","alan86@example.com",NULL,"2024-02-20 11:32:49.188182+08","2024-02-20 11:32:49.188182+08",NULL
7,"ejohnston","SQ9OvVK9","whitakerjoseph@example.com",NULL,"2024-02-20 11:32:49.188182+08","2024-02-20 11:32:49.188182+08",NULL
8,"zoconnor","183K4M6D","rogerssamuel@example.com",NULL,"2024-02-20 11:32:49.188182+08","2024-02-20 11:32:49.188182+08",NULL
9,"dprice","f6EDrICm","margaret52@example.com",NULL,"2024-02-20 11:32:49.188182+08","2024-02-20 11:32:49.188182+08",NULL
10,"bentonemily","HxybYfl1","rickyyoung@example.org",NULL,"2024-02-20 11:32:49.188182+08","2024-02-20 11:32:49.188182+08",NULL
11,"renee68","52OfQ3g4","psmith@example.org",NULL,"2024-02-20 11:32:49.188182+08","2024-02-20 11:32:49.188182+08",NULL
12,"sherry33","RHq9yySL","pwise@example.org",NULL,"2024-02-20 11:32:49.188182+08","2024-02-20 11:32:49.188182+08",NULL
13,"lortiz","x9YnujWm","kathleenmartin@example.org",NULL,"2024-02-20 11:32:49.188182+08","2024-02-20 11:32:49.188182+08",NULL
14,"mccalllisa","GpgU4GFD","ngraham@example.org",NULL,"2024-02-20 11:32:49.188182+08","2024-02-20 11:32:49.188182+08",NULL
15,"frankschroeder","BfVjqyt7","jsheppard@example.net",NULL,"2024-02-20 11:32:49.188182+08","2024-02-20 11:32:49.188182+08",NULL
16,"anthonyboone","HJGCFiQV","harrisnatalie@example.net",NULL,"2024-02-20 11:32:49.188182+08","2024-02-20 11:32:49.188182+08",NULL
17,"ryanmorrow","OoHGg9z6","rebecca66@example.com",NULL,"2024-02-20 11:32:49.188182+08","2024-02-20 11:32:49.188182+08",NULL
18,"mfuller","phjSTTrp","briannabrown@example.com",NULL,"2024-02-20 11:32:49.188182+08","2024-02-20 11:32:49.188182+08",NULL
19,"josephthompson","AskjifOg","hmcdaniel@example.org",NULL,"2024-02-20 11:32:49.188182+08","2024-02-20 11:32:49.188182+08",NULL
20,"nsandoval","sgEI0UHZ","smithtraci@example.com",NULL,"2024-02-20 11:32:49.188182+08","2024-02-20 11:32:49.188182+08",NULL
21,"rebecca73","Bpxb2Qmz","petersonchristopher@example.net",NULL,"2024-02-20 11:32:49.188182+08","2024-02-20 11:32:49.188182+08",NULL
22,"ccox","fdetxjZi","christina44@example.com",NULL,"2024-02-20 11:32:49.188182+08","2024-02-20 11:32:49.188182+08",NULL
23,"robertsricky","AeejJaSv","rangelanthony@example.net",NULL,"2024-02-20 11:32:49.188182+08","2024-02-20 11:32:49.188182+08",NULL
24,"mlester","TWNtTBCg","dianagarcia@example.net",NULL,"2024-02-20 11:32:49.188182+08","2024-02-20 11:32:49.188182+08",NULL
25,"michael64","Z59BSjCX","vcalhoun@example.net",NULL,"2024-02-20 11:32:49.188182+08","2024-02-20 11:32:49.188182+08",NULL
26,"devin14","BHXi3svL","whitedennis@example.net",NULL,"2024-02-20 11:32:49.188182+08","2024-02-20 11:32:49.188182+08",NULL
27,"shannontaylor","dG19cmN3","rachaelgreen@example.net",NULL,"2024-02-20 11:32:49.188182+08","2024-02-20 11:32:49.188182+08",NULL
28,"lmitchell","NNTD7wX3","bonniewatts@example.com",NULL,"2024-02-20 11:32:49.188182+08","2024-02-20 11:32:49.188182+08",NULL
29,"mlopez","CZsn6j1p","victoriawillis@example.com",NULL,"2024-02-20 11:32:49.188182+08","2024-02-20 11:32:49.188182+08",NULL
30,"vegatiffany","24WF2zit","alexandertorres@example.net",NULL,"2024-02-20 11:32:49.188182+08","2024-02-20 11:32:49.188182+08",NULL
31,"jennifer45","iejAWWnP","garciavictoria@example.net",NULL,"2024-02-20 11:32:49.188182+08","2024-02-20 11:32:49.188182+08",NULL
32,"maria27","W8eBuHKJ","johnmccann@example.net",NULL,"2024-02-20 11:32:49.188182+08","2024-02-20 11:32:49.188182+08",NULL
33,"david42","q4AMcnMw","johnsondavid@example.net",NULL,"2024-02-20 11:32:49.188182+08","2024-02-20 11:32:49.188182+08",NULL
34,"arthurcarpenter","WGcWxg1M","ftownsend@example.net",NULL,"2024-02-20 11:32:49.188182+08","2024-02-20 11:32:49.188182+08",NULL
35,"steven58","uQjik4IF","joan04@example.net",NULL,"2024-02-20 11:32:49.188182+08","2024-02-20 11:32:49.188182+08",NULL
36,"jacobpeterson","xxJ3G3MB","rhill@example.net",NULL,"2024-02-20 11:32:49.188182+08","2024-02-20 11:32:49.188182+08",NULL
37,"michael68","kei62PIV","derekhampton@example.net",NULL,"2024-02-20 11:32:49.188182+08","2024-02-20 11:32:49.188182+08",NULL
38,"nlawson","Bp52sxIJ","nicole14@example.com",NULL,"2024-02-20 11:32:49.188182+08","2024-02-20 11:32:49.188182+08",NULL
39,"larryharvey","xz4XlkxS","kelleykimberly@example.net",NULL,"2024-02-20 11:32:49.188182+08","2024-02-20 11:32:49.188182+08",NULL
40,"diane82","l5LT1GGZ","lauraduarte@example.org",NULL,"2024-02-20 11:32:49.188182+08","2024-02-20 11:32:49.188182+08",NULL
41,"meghancox","suAPb65l","martinmitchell@example.org",NULL,"2024-02-20 11:32:49.188182+08","2024-02-20 11:32:49.188182+08",NULL
42,"wadeelijah","dI4KdOdy","edwardsjulia@example.com",NULL,"2024-02-20 11:32:49.188182+08","2024-02-20 11:32:49.188182+08",NULL
43,"john67","1lZ64Dhl","george80@example.org",NULL,"2024-02-20 11:32:49.188182+08","2024-02-20 11:32:49.188182+08",NULL
44,"fwest","8jgLgXsI","amyhamilton@example.net",NULL,"2024-02-20 11:32:49.188182+08","2024-02-20 11:32:49.188182+08",NULL
45,"iclark","QJaoETEq","george88@example.net",NULL,"2024-02-20 11:32:49.188182+08","2024-02-20 11:32:49.188182+08",NULL
46,"smithmark","j4z3F0nN","patricia80@example.org",NULL,"2024-02-20 11:32:49.188182+08","2024-02-20 11:32:49.188182+08",NULL
47,"chudson","fAeDfHED","suttongary@example.org",NULL,"2024-02-20 11:32:49.188182+08","2024-02-20 11:32:49.188182+08",NULL
48,"robertsandrea","3AxUOs1S","wgarcia@example.net",NULL,"2024-02-20 11:32:49.188182+08","2024-02-20 11:32:49.188182+08",NULL
49,"ddavis","uNNtAGPw","wstanley@example.net",NULL,"2024-02-20 11:32:49.188182+08","2024-02-20 11:32:49.188182+08",NULL
50,"eherrera","psh0ERQm","christinamedina@example.com",NULL,"2024-02-20 11:32:49.188182+08","2024-02-20 11:32:49.188182+08",NULL
